School Code,School name,School Type,School Street,School City,School State,School Zip,School County,School District Name,Grades,K-12 Enrolled,K-12 Exempt,% K-12 Exempt,K-12 Medical Exemption,K-12 Personal Exemption,K-12 Religious Exemption
8628,Seattle Waldorf School,Private School,2728 NE 100th St,Seattle,WA,98125,KING,Seattle Public Schools,K-12,327,130,39.8%,1,128,1
1688,Family Learning Center,Public School,10903 NE 53rd Street,Kirkland,WA,98033,KING,Lake Washington School District,K-12,218,84,38.5%,1,77,6
8665,Cedar Park Christian School--Bellevue Campus,Private School,625 140th Ave NE,Bellevue,WA,98005,KING,Bellevue School District,K-6,57,21,36.8%,0,21,0
1751,Home School Resource Center,Public School,1330 N 90 St,SEATTLE,WA,98117,KING,Seattle Public Schools,K-12,183,63,34.4%,2,57,4
3588,Interlake Senior High School,Public School,16245 NE 24th Street,Bellevue,WA,98008,KING,Bellevue School District,9-12,1508,436,28.9%,168,268,0
8820,Family Academy/Academy NW,Private School,14629 20th Ave SW,Seattle,WA,98166,KING,Highline School District,K-12,108,28,25.9%,1,27,0
1942,Room Nine Community School,Public School,17077 Meridian Ave N,Shoreline,WA,98133,KING,Shoreline School District,K-8,95,24,25.3%,0,23,1
8856,Woodinville Montessori School,Private School,19102 N Creek Parkway,Bothell,WA,98011,KING,Northshore School District,K-9,206,51,24.8%,16,35,0
3874,Pinehurst K-8 School,Public School,11530 12 AV NE,SEATTLE,WA,98125,KING,Seattle Public Schools,K-8,144,35,24.3%,0,35,0
3338,Chinook Middle School,Public School,2001  98th Avenue NE,Bellevue,WA,98004,KING,Bellevue School District,6-8,1014,241,23.8%,80,147,14
8652,Puget Sound Community School,Private School,660 S Dearborn St,Seattle,WA,98134,KING,Seattle Public Schools,6-12,38,9,23.7%,0,9,0
8428,University Cooperative School,Private School,5601 University Ave NE,Seattle,WA,98105,KING,Seattle Public Schools,K-5,82,19,23.2%,0,19,0
4468,Chautauqua Elementary,Public School,9309 SW CEMETERY RD,VASHON,WA,98070,KING,Vashon Island School District,K-5,504,114,22.6%,0,112,2
3168,Phantom Lake Elementary,Public School,1050  160th Avenue SE,Bellevue,WA,98008,KING,Bellevue School District,K-5,321,71,22.1%,16,55,0
1796,Salmon Bay K-8 School,Public School,1810 NW 65 ST,SEATTLE,WA,98117,KING,Seattle Public Schools,K-8,617,136,22.0%,8,126,1
1620,Pathfinder K-8 School,Public School,1901 SW Genesee St,SEATTLE,WA,98116,KING,Seattle Public Schools,K-8,488,107,21.9%,7,99,1
8107,Kirkland SDA School,Private School,5320 108th Ave NE,Kirkland,WA,98033,KING,Lake Washington School District,K-8,25,5,20.0%,0,5,0
4124,Hollywood Hill Elementary,Public School,17110 148 AV NE,Woodinville,WA,98072,KING,Northshore School District,K-6,277,55,19.9%,5,48,2
8256,Harbor School,Private School,15920 Vashon Hwy SW,Vashon,WA,98070,KING,Vashon Island School District,4-8,46,9,19.6%,0,9,0
3667,McMurray Middle School,Public School,9329 SW CEMETERY RD,VASHON,WA,98070,KING,Vashon Island School District,6-8,407,77,18.9%,0,75,2
3868,Nova High School,Public School,300 20 AVE E,SEATTLE,WA,98122,KING,Seattle Public Schools,9-12,334,57,17.1%,0,55,2
3166,Highland Middle School,Public School,15027 NE Bel-Red Road,Bellevue,WA,98007,KING,Bellevue School District,6-8,529,87,16.4%,69,18,0
3225,Lake Hills Elementary,Public School,14310 SE 12th Street,Bellevue,WA,98007,KING,Bellevue School District,K-5,477,78,16.4%,17,61,0
3974,Thornton Creek Elementary School,Public School,7711 43 AV NE,SEATTLE,WA,98115,KING,Seattle Public Schools,K-5,372,59,15.9%,3,55,1
4332,Stillwater Elementary,Public School,11530 320th Ave NE,Carnation,WA,98014,KING,Riverview School District,K-5,468,72,15.4%,3,69,0
8408,French Immersion School of WA,Private School,4211 W Lake Sammamish Pkwy SE,Bellevue,WA,98008,KING,Bellevue School District,K-5,119,18,15.1%,0,18,0
4167,Northstar,Public School,11822 NE 75th ST,Kirkland,WA,98033,KING,Lake Washington School District,7-9,90,13,14.4%,2,11,0
4065,Orca K-8 School,Public School,5215 46 AVE S,SEATTLE,WA,98118,KING,Seattle Public Schools,K-8,489,70,14.3%,5,65,0
8958,Child School-New Heights School at Children's Institute for Learning Differences (CHILD),Private School,4030 86th Ave SE,Mercer Island,WA,98040,KING,Mercer Island School District,K-12,42,6,14.3%,1,5,0
3585,Westwood Elementary School,Public School,21200 SE 416th,Enumclaw,WA,98022,KING,Enumclaw School District,K-5,330,45,13.6%,5,40,0
2450,Daniel Bagley Elementary School,Public School,7821 STONE AV N,SEATTLE,WA,98103,KING,Seattle Public Schools,K-5,391,51,13.0%,1,49,0
5204,Queen Anne Elementary,Public School,4400 Interlake AVE N,Seattle,WA,98103,KING,Seattle Public Schools,K-5,225,29,12.9%,1,26,2
1687,Explorer Community School,Public School,7040 208th NE,Redmond,WA,98052,KING,Lake Washington School District,1-6,71,9,12.7%,0,9,0
8240,Academy Schools/Children’s Academy,Private School,14601 Interurban Ave S  ,Tukwila,WA,98168,KING,Tukwila School District,K-12,48,6,12.5%,2,3,1
801A,Seattle Area German American School,Private School,5031 University Way NE                              ,Seattle,WA,98105,KING,Seattle Public Schools,K-1,8,1,12.5%,0,1,0
3218,North Beach Elementary School,Public School,9018 24 AV NW,SEATTLE,WA,98118,KING,Seattle Public Schools,K-5,312,38,12.2%,2,35,1
2419,Vashon Island High School,Public School,20120 VASHON HWY SW,VASHON,WA,98070,KING,Vashon Island School District,9-12,515,62,12.0%,1,61,0
3704,Keller Elementary,Public School,13820 - 108th NE,Kirkland,WA,98034,KING,Lake Washington School District,K-6,394,47,11.9%,5,42,0
1814,Northshore Networks,Public School,3330 Monte Villa Parkway,Bothell,WA,98021,KING,Northshore School District,K-12,190,22,11.6%,1,20,1
3631,Odle Middle School,Public School,14401 NE 8th Street,Bellevue,WA,98007,KING,Bellevue School District,6-8,746,86,11.5%,61,21,4
3160,Star Lake Elementary School,Public School,4014 S 270TH,KENT,WA,98031,KING,Federal Way School District,K-5,474,54,11.4%,10,44,0
8530,Billings Middle School,Private School,7217 Woodlawn Ave NE,Seattle,WA,98115,KING,Seattle Public Schools,6-8,88,10,11.4%,1,8,1
4308,Edwin R Opstad Elementary,Public School,1345 STILLSON AVE SE,NORTH BEND,WA,98045,KING,Snoqualmie Valley School District,K-5,540,61,11.3%,2,59,0
2123,Greenwood Elementary School,Public School,144 NW 80 ST,SEATTLE,WA,98117,KING,Seattle Public Schools,K-5,333,37,11.1%,0,36,1
2061,Green Lake Elementary School,Public School,2400 N 65 ST,SEATTLE,WA,98103,KING,Seattle Public Schools,K-5,262,29,11.1%,1,26,2
2092,Whittier Elementary School,Public School,1320 NW 75 ST,SEATTLE,WA,98117,KING,Seattle Public Schools,K-5,458,50,10.9%,2,46,2
3717,B F Day Elementary School,Public School,3921 LINDEN AV N,SEATTLE,WA,98103,KING,Seattle Public Schools,K-5,317,34,10.7%,5,29,0
5028,Big Picture School,Public School,2450 So. 142nd St,SeaTac,WA,98168,KING,Highline School District,9-12,122,13,10.7%,2,11,0
2287,North Bend Elementary School,Public School,400 E THIRD ST,NORTH BEND,WA,98045,KING,Snoqualmie Valley School District,K-5,533,56,10.5%,0,54,2
3705,Bennett Elementary School,Public School,17900 NE 16th Street,Bellevue,WA,98008,KING,Bellevue School District,K-5,420,44,10.5%,12,30,2
1596,Secondary BOC,Public School,301 21st Ave E,SEATTLE,WA,98109,KING,Seattle Public Schools,6-12,220,23,10.5%,2,21,0
1856,The Center School,Public School,305 HARRISON ST,SEATTLE,WA,98109,KING,Seattle Public Schools,9-12,279,29,10.4%,1,25,3
3714,Lowell Elementary School,Public School,1058 E MERCER ST,SEATTLE,WA,98102,KING,Seattle Public Schools,K-5,616,64,10.4%,3,59,2
4187,Sunrise Elementary,Public School,14075 172 AV NE,Redmond,WA,98052,KING,Northshore School District,K-6,301,31,10.3%,2,27,2
2141,Thurgood Marshall Elementary,Public School,2401 S IRVING ST,SEATTLE,WA,98144,KING,Seattle Public Schools,K-5,449,46,10.2%,1,45,0
2138,Adams Elementary School,Public School,6110 28 AV NW,SEATTLE,WA,98107,KING,Seattle Public Schools,K-5,469,48,10.2%,3,44,0
3327,Rainier Beach High School,Public School,8815 SEWARD PARK AV S,SEATTLE,WA,98118,KING,Seattle Public Schools,9-12,365,37,10.1%,2,34,1
8057,Seattle Hebrew Academy,Private School,1617 Interlaken Dr E,Seattle,WA,98112,KING,Seattle Public Schools,K-8,159,16,10.1%,0,16,0
3674,Albert Einstein Middle School,Public School,19343 3rd Avenue N.W.,Shoreline,WA,98177,KING,Shoreline School District,7-8,716,71,9.9%,8,62,1
4147,Rockwell Elementary,Public School,11125 - 162nd AVE NE,Redmond,WA,98052,KING,Lake Washington School District,K-6,668,66,9.9%,9,57,0
3231,Highland Terrace Elementary,Public School,100 N. 160th Street,Shoreline,WA,98133,KING,Shoreline School District,K-6,399,39,9.8%,1,37,1
2976,Olympic Hills Elementary School,Public School,13018 20 AV NE,SEATTLE,WA,98125,KING,Seattle Public Schools,K-5,267,26,9.7%,2,23,1
2847,Clyde Hill Elementary,Public School,9601 NE 24th Street,Bellevue,WA,98004,KING,Bellevue School District,K-5,676,63,9.3%,13,50,0
3028,Sacajawea Elementary School,Public School,9501 20 AV NE,SEATTLE,WA,98115,KING,Seattle Public Schools,K-5,258,24,9.3%,1,22,1
3344,Maywood Hills Elementary,Public School,19510 104 AV NE,Bothell,WA,98011,KING,Northshore School District,K-6,557,51,9.2%,2,48,1
8244,The Little School,Private School,2812 116th Ave NE,Bellevue,WA,98004,KING,Bellevue School District,K-6,110,10,9.1%,0,10,0
3343,Shorecrest High School,Public School,15343 25th Avenue N.E.,Shoreline,WA,98155,KING,Shoreline School District,9-12,1372,124,9.0%,10,112,2
3339,Sherwood Forest Elementary,Public School,16411 NE 24th Street,Bellevue,WA,98008,KING,Bellevue School District,K-5,388,35,9.0%,11,22,2
2738,Clark Elementary,Public School,500 2ND AVE SE,ISSAQUAH,WA,98027,KING,Issaquah School District,K-5,346,31,9.0%,5,26,0
3527,Melvin G Syre Elementary,Public School,19545 12th Avenue N.W.,Shoreline,WA,98177,KING,Shoreline School District,K-6,515,46,8.9%,0,45,1
3479,Nathan Hale High School,Public School,10750 30 AV NE,SEATTLE,WA,98125,KING,Seattle Public Schools,9-12,1140,101,8.9%,5,95,1
1635,Interagency Programs,Public School,PO BOX 34165,SEATTLE,WA,98124,KING,Seattle Public Schools,6-12,68,6,8.8%,0,6,0
2124,Snoqualmie Middle School,Public School,9200 RAILROAD AVE SE,SNOQUALMIE,WA,98065,KING,Snoqualmie Valley School District,6-8,454,40,8.8%,1,39,0
3234,Cottage Lake Elementary,Public School,15940 Avondale RD NE,Woodinville,WA,98077,KING,Northshore School District,K-6,365,32,8.8%,2,30,0
2371,Hamilton International Middle School,Public School,4400 Interlake Ave N,SEATTLE,WA,98103,KING,Seattle Public Schools,6-8,916,80,8.7%,5,72,3
2703,Ridgecrest Elementary,Public School,16516 10th Avenue N.E.,Shoreline,WA,98155,KING,Shoreline School District,K-6,528,46,8.7%,7,38,1
3277,Whitman Middle School,Public School,9201 15 AV NW,SEATTLE,WA,98117,KING,Seattle Public Schools,6-8,979,85,8.7%,6,74,4
8559,Eton School,Private School,2701 Bel-Red Rd,Bellevue,WA,98008,KING,Bellevue School District,K-8,232,20,8.6%,2,18,0
3390,Lockwood Elementary,Public School,24118 Lockwood RD,Bothell,WA,98021,KING,Northshore School District,K-6,511,44,8.6%,1,43,0
3107,Arrowhead Elementary,Public School,6725 NE Arrowhead DR,Kenmore,WA,98028,KING,Northshore School District,K-6,337,29,8.6%,6,21,2
1579,Tops K-8 School,Public School,2500 FRANKLIN AV E,SEATTLE,WA,98102,KING,Seattle Public Schools,K-8,501,43,8.6%,4,38,1
1547,Middle College High School,Public School,1330 N 90 St,SEATTLE,WA,98125,KING,Seattle Public Schools,9-12,187,16,8.6%,1,14,1
3590,Finn Hill Junior High School,Public School,8040 NE 132nd ST,Kirkland,WA,98034,KING,Lake Washington School District,7-9,421,36,8.6%,5,28,3
8997,Three Tree Montessori,Private School,220 SW 160th St,Burien,WA,98166,KING,Highline School District,K-6,47,4,8.5%,0,4,0
2462,Loyal Heights Elementary School,Public School,2511 NW 80 ST,SEATTLE,WA,98117,KING,Seattle Public Schools,K-5,401,34,8.5%,3,31,0
5135,Twin Falls Middle School,Public School,46910 S.E. Middle Fork Road,North Bend,WA,98045,KING,Snoqualmie Valley School District,6-8,578,49,8.5%,3,45,1
5175,Jane Addams K-8,Public School,11051 34 AVE NE,Seattle,WA,98125,KING,Seattle Public Schools,K-8,531,45,8.5%,3,40,2
2185,Lake Forest Park Elementary,Public School,18500 37th Avenue N.E.,Lake Forest Park,WA,98155,KING,Shoreline School District,K-6,508,43,8.5%,0,43,0
2222,Fall City Elementary,Public School,Box 220,Fall City,WA,98024,KING,Snoqualmie Valley School District,K-5,595,50,8.4%,1,49,0
4424,Einstein Elementary,Public School,18025 NE 116th,Redmond,WA,98052,KING,Lake Washington School District,K-6,477,40,8.4%,2,34,4
3230,Brookside Elementary,Public School,17447 37th Avenue N.E.,Lake Forest Park,WA,98155,KING,Shoreline School District,K-6,502,42,8.4%,10,32,0
4550,Thunder Mountain Middle School,Public School,42018 264th Avenue SE,Enumclaw,WA,98022,KING,Enumclaw School District,6-8,479,40,8.4%,7,31,2
4340,Merit School,Public School,36001 1ST AV S,FEDERAL WAY,WA,98003,KING,Federal Way School District,6-12,12,1,8.3%,0,1,0
8933,Dartmoor School--Bellevue ,Private School,13401 Bel Red Road,Bellevue,WA,98005,KING,Northshore School District,K-12,12,1,8.3%,0,1,0
2730,Arbor Heights Elementary School,Public School,3701 SW 104 ST,SEATTLE,WA,98146,KING,Seattle Public Schools,K-5,364,30,8.2%,3,24,3
3628,Twin Lakes Elementary School,Public School,4400 SW 320TH ST,FEDERAL WAY,WA,98023,KING,Federal Way School District,K-5,364,30,8.2%,4,21,5
1658,Discovery School,Public School,12801 84th NE,Kirkland,WA,98034,KING,Lake Washington School District,1-6,73,6,8.2%,1,5,0
3430,Black Diamond Elementary,Public School,25314 Baker Street,Black Diamond,WA,98010,KING,Enumclaw School District,K-5,282,23,8.2%,4,19,0
3431,Totem Middle School,Public School,26630 40TH AVE S,KENT,WA,98031,KING,Federal Way School District,6-8,630,51,8.1%,5,46,0
2139,Gatewood Elementary School,Public School,4320 SW MYRTLE ST,SEATTLE,WA,98136,KING,Seattle Public Schools,K-5,484,39,8.1%,1,37,1
2080,Stevens Elementary School,Public School,1242 18 AV E,SEATTLE,WA,98112,KING,Seattle Public Schools,K-5,373,30,8.0%,3,26,1
2850,Mount Si High School,Public School,8651 MEADOWBROOK WAY SE,SNOQUALMIE,WA,98065,KING,Snoqualmie Valley School District,9-12,1584,127,8.0%,4,122,1
2142,West Woodland Elementary School,Public School,5601 4 AV NW,SEATTLE,WA,98107,KING,Seattle Public Schools,K-5,474,38,8.0%,2,34,2
3517,McClure Middle School,Public School,1915 1 AV W,SEATTLE,WA,98119,KING,Seattle Public Schools,6-8,488,39,8.0%,4,35,0
4120,Lake View Elementary School,Public School,16401 SE 318TH ST,AUBURN,WA,98092,KING,Auburn School District,K-5,339,27,8.0%,0,27,0
3441,Twain Elementary,Public School,9525 130th Ave NE,Kirkland,WA,98033,KING,Lake Washington School District,K-6,653,52,8.0%,3,49,0
4377,Woodmoor Elementary,Public School,12225 NE 160,Bothell,WA,98011,KING,Northshore School District,K-6,845,67,7.9%,6,61,0
4426,Green Gables Elementary School,Public School,32607 47TH AVE SW,FEDERAL WAY,WA,98023,KING,Federal Way School District,K-5,404,32,7.9%,2,29,1
3855,Best Sr High,Public School,10903 NE 53rd ST,Kirkland,WA,98033,KING,Lake Washington School District,9-12,89,7,7.9%,2,4,1
3330,Enumclaw Sr High School,Public School,226 Semanski St South,Enumclaw,WA,98022,KING,Enumclaw School District,9-12,1470,115,7.8%,17,90,8
2288,Snoqualmie Elementary,Public School,755 PARK ST,SNOQUALMIE,WA,98065,KING,Snoqualmie Valley School District,K-5,646,50,7.7%,2,48,0
2796,Juanita Elementary,Public School,9635 NE 132nd,Kirkland,WA,98034,KING,Lake Washington School District,K-6,389,30,7.7%,1,27,2
5057,Renaissance School,Public School,4000 228th NE,Sammamish,WA,98074,KING,Lake Washington School District,7-9,91,7,7.7%,1,6,0
3592,Bell Elementary,Public School,11212 NE 112TH,Kirkland,WA,98033,KING,Lake Washington School District,K-6,391,30,7.7%,1,28,1
4301,Jenkins Creek Elementary School,Public School,26915 186th Ave SE,Covington,WA,98042,KING,Kent School District,K-6,326,25,7.7%,6,19,0
2220,Ballard High School,Public School,1418 NW 65 ST,SEATTLE,WA,98117,KING,Seattle Public Schools,9-12,1638,125,7.6%,6,114,5
3958,Meridian Park Elementary School,Public School,17077 Meridian Avenue N.,Shoreline,WA,98133,KING,Shoreline School District,K-6,512,39,7.6%,4,35,0
3921,Shorewood High School,Public School,17300 Fremont Avenue N.,Shoreline,WA,98133,KING,Shoreline School District,9-12,1475,112,7.6%,14,97,1
4397,Chief Kanim Middle School,Public School,Box 639,Fall City,WA,98024,KING,Snoqualmie Valley School District,6-8,409,31,7.6%,1,30,0
8561,Heritage Christian Academy,Private School,19527 104th Ave NE,Bothell,WA,98011,KING,Northshore School District,K-9,146,11,7.5%,0,11,0
5138,Technology Access Foundation Academy,Public School,26630 40th Ave S,Kent,WA,98032,KING,Federal Way School District,6-12,240,18,7.5%,0,18,0
2729,Eckstein Middle School,Public School,3003 NE 75 ST,SEATTLE,WA,98115,KING,Seattle Public Schools,6-8,1280,95,7.4%,9,85,1
3637,Maple Hills Elementary,Public School,15644 204TH AVE SE,RENTON,WA,98059,KING,Issaquah School District,K-5,392,29,7.4%,1,28,0
3378,Graham Hill Elementary School,Public School,5149 S GRAHAM ST,SEATTLE,WA,98118,KING,Seattle Public Schools,K-5,393,29,7.4%,4,24,1
5205,Sand Point Elementary,Public School,6208 60 Ave NE,Seattle,WA,98115,KING,Seattle Public Schools,K-5,204,15,7.4%,3,12,0
2183,Lawton Elementary School,Public School,4000 27 AV W,SEATTLE,WA,98199,KING,Seattle Public Schools,K-5,437,32,7.3%,2,29,1
3922,Kamiakin Junior High School,Public School,14111 132ND AVE NE,Kirkland,WA,98034,KING,Lake Washington School District,7-9,507,37,7.3%,1,33,3
3568,Lake Grove Elementary School,Public School,303 SW 308TH ST,FEDERAL WAY,WA,98023,KING,Federal Way School District,K-5,398,29,7.3%,1,25,3
8097,Buena Vista SDA School,Private School,3320 Academy Dr SE,Auburn,WA,98092,KING,Auburn School District,K-8,206,15,7.3%,1,14,0
3387,Kellogg Middle School,Public School,16045 25th Avenue N.E.,Shoreline,WA,98155,KING,Shoreline School District,7-8,619,45,7.3%,4,41,0
3100,Stevenson Elementary,Public School,14220 NE 8th Street,Bellevue,WA,98007,KING,Bellevue School District,K-5,523,38,7.3%,11,27,0
4218,South Shore K-8 School,Public School,4800 S Henderson St,SEATTLE,WA,98118,KING,Seattle Public Schools,K-7,609,44,7.2%,2,40,2
4345,Horizon Elementary School,Public School,27641 144th Ave SE,Kent,WA,98042,KING,Kent School District,K-6,499,36,7.2%,6,29,1
3435,Tillicum Middle School,Public School,16020 SE 16th Street,Bellevue,WA,98008,KING,Bellevue School District,6-8,764,55,7.2%,28,27,0
2739,Lake Washington High,Public School,12033 NE 80TH,Kirkland,WA,98033,KING,Lake Washington School District,10-12,1001,72,7.2%,3,66,3
8105,Shoreline Christian School,Private School,2400 NE 147th St,Seattle,WA,98155,KING,Shoreline School District,K-12,181,13,7.2%,0,13,0
3437,Newport Heights Elementary,Public School,5225 119th Ave SE,Bellevue,WA,98006,KING,Bellevue School District,K-5,587,42,7.2%,9,32,1
3287,Westhill Elementary,Public School,19515 88 AV NE,Bothell,WA,98011,KING,Northshore School District,K-6,449,32,7.1%,5,26,1
4064,Washington Middle School,Public School,2101 S JACKSON ST,SEATTLE,WA,98144,KING,Seattle Public Schools,6-8,1124,80,7.1%,4,74,1
3442,Moorlands Elementary,Public School,15115 84 AV NE,Kenmore,WA,98028,KING,Northshore School District,K-6,605,43,7.1%,4,39,0
2285,Roosevelt High School,Public School,1410 NE 66 ST ,SEATTLE,WA,98115,KING,Seattle Public Schools,9-12,1662,118,7.1%,11,105,2
3584,Thomas Jefferson High School,Public School,4248 S 288TH ST,AUBURN,WA,98001,KING,Federal Way School District,9-12,1794,127,7.1%,11,110,6
8540,Renton Christian School,Private School,15717 152nd Ave SE,Renton,WA,98058,KING,Renton School District,K-8,453,32,7.1%,0,32,0
3489,Parkwood Elementary,Public School,1815 N. 155th Street,Shoreline,WA,98133,KING,Shoreline School District,K-6,426,30,7.0%,2,28,0
3739,Southwood Elementary School,Public School,3240 McDougall Avenue,Enumclaw,WA,98022,KING,Enumclaw School District,K-5,300,21,7.0%,2,19,0
3673,Issaquah Valley Elementary,Public School,555 NW HOLLY ST,ISSAQUAH,WA,98027,KING,Issaquah School District,K-5,587,41,7.0%,8,31,2
3521,Renton Park Elementary School,Public School,16828 128TH AVE SE,RENTON,WA,98058,KING,Renton School District,K-5,487,34,7.0%,4,28,2
3665,Sanislo Elementary School,Public School,1812 SW MYRTLE ST,SEATTLE,WA,98106,KING,Seattle Public Schools,K-5,301,21,7.0%,1,20,0
3789,Somerset Elementary School,Public School,14100 Somerset Boulevard SE,Bellevue,WA,98006,KING,Bellevue School District,K-5,606,42,6.9%,16,25,1
3429,Schmitz Park Elementary School,Public School,5000 SW SPOKANE ST,SEATTLE,WA,98116,KING,Seattle Public Schools,K-5,462,32,6.9%,6,26,0
2121,Leschi Elementary School,Public School,135 32 AV,SEATTLE,WA,98122,KING,Seattle Public Schools,K-5,376,26,6.9%,5,20,1
4289,Sunrise Elementary,Public School,899 Osceola At 244th Ave SE,Enumclaw,WA,98022,KING,Enumclaw School District,K-5,391,27,6.9%,1,26,0
3101,Cherry Valley Elementary School,Public School,26701 NE Cherry Valley Rd,Duvall,WA,98019,KING,Riverview School District,K-5,522,36,6.9%,2,34,0
3529,Mann Elementary,Public School,17001 NE 104th,Redmond,WA,98052,KING,Lake Washington School District,K-6,509,35,6.9%,3,30,2
4336,Wilder Elementary,Public School,22130 NE 133rd,Woodinville,WA,98077,KING,Lake Washington School District,K-6,451,31,6.9%,5,26,0
2090,Frantz Coe Elementary School,Public School,2424 7 AV W,SEATTLE,WA,98119,KING,Seattle Public Schools,K-5,425,29,6.8%,7,21,1
3228,Sunset Elementary,Public School,4229 W LAKE SAMM PKWY SE,BELLEVUE,WA,98008,KING,Issaquah School District,K-5,587,40,6.8%,6,33,1
3014,Kent Mountain View Academy,Public School,22420 Military Rd S,Des Moines,WA,98198,KING,Kent School District,K-12,103,7,6.8%,0,6,1
3282,Sammamish Senior High,Public School,100  140th Avenue SE,Bellevue,WA,98005,KING,Bellevue School District,9-12,1091,74,6.8%,15,57,2
2841,Lakeland Elementary School,Public School,35827 32ND AV S,AUBURN,WA,98001,KING,Federal Way School District,K-5,357,24,6.7%,0,24,0
3700,Brigadoon Elementary School,Public School,3601 SW 336th ST,Federal Way,WA,98023,KING,Federal Way School District,K-5,269,18,6.7%,1,14,3
1975,Stella Schola,Public School,13505 NE 75th Street,Redmond,WA,98052,KING,Lake Washington School District,6-8,90,6,6.7%,0,6,0
3548,Audubon Elementary,Public School,3045 180th NE,Redmond,WA,98052,KING,Lake Washington School District,K-6,556,37,6.7%,2,35,0
3589,Shadow Lake Elementary,Public School,22620 Sweeney Road SE,Maple Valley,WA,98038,KING,Tahoma School District,K-5,543,36,6.6%,3,30,3
3811,Secondary Academy for Success,Public School,22107 23rd Dr SE,Bothell,WA,98021,KING,Northshore School District,7-12,151,10,6.6%,0,10,0
8573,Northwest School,Private School,1415 Summit Ave,Seattle,WA,98122,KING,Seattle Public Schools,6-12,471,31,6.6%,0,30,1
2980,Byron Kibler Elementary School,Public School,2057 Kibler Ave,Enumclaw,WA,98022,KING,Enumclaw School District,K-5,397,26,6.5%,3,23,0
4318,Tolt Middle School,Public School,3740 Tolt Ave,Carnation,WA,98014,KING,Riverview School District,6-8,733,48,6.5%,3,44,1
3634,Spiritridge Elementary School,Public School,301 151ST PLACE NE (TEMPORARY),Bellevue,WA,98007,KING,Bellevue School District,K-5,581,38,6.5%,13,23,2
3345,Kenmore Junior High,Public School,20323 66 AV NE,Kenmore,WA,98028,KING,Northshore School District,7-9,704,46,6.5%,8,36,2
3276,Ingraham High School,Public School,1819 N 135 ST,SEATTLE,WA,98133,KING,Seattle Public Schools,9-12,953,62,6.5%,6,56,0
8096,Auburn Adventist Academy,Private School,5000 Auburn Way S,Auburn,WA,98002,KING,Auburn School District,9-12,246,16,6.5%,0,16,0
2846,Enatai Elementary School,Public School,10615 SE 23rd Street,Bellevue,WA,98004,KING,Bellevue School District,K-5,494,32,6.5%,16,15,1
1804,Futures School,Public School,10601 NE 132nd,Kirkland,WA,98034,KING,Lake Washington School District,9-12,62,4,6.5%,0,4,0
3790,Leota Jr High,Public School,19301 168 AV NE,Woodinville,WA,98072,KING,Northshore School District,7-9,638,41,6.4%,5,36,0
2733,Lafayette Elementary School,Public School,2645 CALIFORNIA AV SW,SEATTLE,WA,98116,KING,Seattle Public Schools,K-5,549,35,6.4%,2,32,1
2838,Catharine Blaine K-8 School,Public School,2550 34 AV W,SEATTLE,WA,98199,KING,Seattle Public Schools,K-8,582,37,6.4%,0,37,0
4021,Northshore Jr High,Public School,12101 NE 160 ST,Bothell,WA,98011,KING,Northshore School District,7-9,678,43,6.3%,11,31,1
3587,Benson Hill Elementary School,Public School,18665 116TH AVE SE,RENTON,WA,98058,KING,Renton School District,K-5,568,36,6.3%,3,33,0
2322,Montlake Elementary School,Public School,2409 22 AV E,SEATTLE,WA,98112,KING,Seattle Public Schools,K-5,237,15,6.3%,3,12,0
2289,Redmond Elementary,Public School,16800 NE 80th,Redmond,WA,98052,KING,Lake Washington School District,K-6,416,26,6.3%,3,23,0
4456,Saghalie Middle School,Public School,33914 19TH AV SW,FEDERAL WAY,WA,98023,KING,Federal Way School District,6-8,502,31,6.2%,3,25,3
8971,Emerald Heights Academy,Private School,3850 - 156th Ave SE,Bellevue,WA,98006,KING,Bellevue School District,P-8,65,4,6.2%,1,3,0
4516,Timbercrest Junior High,Public School,19115 215 WY NE,Woodinville,WA,98077,KING,Northshore School District,7-9,818,50,6.1%,7,42,1
4208,Woodinville Hs,Public School,19819 136 NE,Woodinville,WA,98072,KING,Northshore School District,10-12,1325,80,6.0%,7,72,1
8085,Seattle Country Day School,Private School,2619 4th Ave N,Seattle,WA,98109,KING,Seattle Public Schools,K-8,332,20,6.0%,2,18,0
4379,East Ridge Elementary,Public School,22150 NE 156 PL,Woodinville,WA,98077,KING,Northshore School District,K-6,382,23,6.0%,0,23,0
3774,Aki Kurose Middle School,Public School,3928 S GRAHAM ST,Seattle,WA,98118,KING,Seattle Public Schools,6-8,648,39,6.0%,3,36,0
2256,Olympic View Elementary School,Public School,504 NE 95 ST,SEATTLE,WA,98115,KING,Seattle Public Schools,K-5,467,28,6.0%,2,25,1
3167,Woodridge Elementary,Public School,12619 SE 20th Place,Bellevue,WA,98005,KING,Bellevue School District,K-5,534,32,6.0%,12,20,0
3224,Puesta del Sol Elementary School,Public School,3810  132nd Avenue SE,Bellevue,WA,98006,KING,Bellevue School District,K-5,557,33,5.9%,9,24,0
3097,Marvista Elementary,Public School,19800 Marine View Dr SW,Normandy Park,WA,98166,KING,Highline School District,K-6,591,35,5.9%,1,31,3
5015,Cascade View Elementary School,Public School,34816 SE Ridge Street,Snoqualmie,WA,98065,KING,Snoqualmie Valley School District,K-5,678,40,5.9%,4,35,1
2392,Cleveland High School,Public School,5511 15 AVE S,SEATTLE,WA,98108,KING,Seattle Public Schools,9-12,817,48,5.9%,2,45,1
5053,Rosa Parks Elementary,Public School,22845 NE Cedar Park Crescent,Redmond,WA,98053,KING,Lake Washington School District,K-6,769,45,5.9%,10,34,1
3591,Franklin Elementary,Public School,12434 NE 60th,Kirkland,WA,98033,KING,Lake Washington School District,K-6,496,29,5.8%,8,20,1
4069,Wellington Elementary,Public School,16501 NE 195 ST,Woodinville,WA,98072,KING,Northshore School District,K-6,567,33,5.8%,1,32,0
3676,Cedar Valley Elementary School,Public School,26500 Timberlane Way SE,Kent,WA,98042,KING,Kent School District,K-6,295,17,5.8%,6,11,0
3341,Tahoma Middle School,Public School,24425 SE 216TH ST,Maple Valley,WA,98038,KING,Tahoma School District,6-7,609,35,5.7%,4,27,4
3702,Tiffany Park Elementary School,Public School,1601 LAKE YOUNGS WAY SE,RENTON,WA,98058,KING,Renton School District,K-5,472,27,5.7%,5,19,3
1800,Environmental & Adventure School,Public School,8040 NE 132nd,Kirkland,WA,98034,KING,Lake Washington School District,6-9,140,8,5.7%,0,8,0
2797,Kent-Meridian High School,Public School,10020 SE 256th ST,Kent,WA,98030,KING,Kent School District,9-12,2068,118,5.7%,44,68,6
2437,Laurelhurst Elementary School,Public School,4530 46 AV NE,SEATTLE,WA,98105,KING,Seattle Public Schools,K-5,421,24,5.7%,3,21,0
2435,Madison Middle School,Public School,3429 45 Ave SW,SEATTLE,WA,98116,KING,Seattle Public Schools,6-8,830,47,5.7%,7,40,0
3749,Woodin Elementary,Public School,12950 NE 195 ST,Bothell,WA,98011,KING,Northshore School District,K-6,583,33,5.7%,3,28,2
1502,Two Rivers School,Public School,330 BALLARAT AVE N,NORTH BEND,WA,98045,KING,Snoqualmie Valley School District,7-12,106,6,5.7%,0,5,1
2181,Alki Elementary School,Public School,3010 59 AV SW,SEATTLE,WA,98116,KING,Seattle Public Schools,K-5,355,20,5.6%,3,17,0
3742,Cherry Crest Elementary School,Public School,12400 NE 32nd Street,Bellevue,WA,98005,KING,Bellevue School District,K-5,410,23,5.6%,11,11,1
8054,Our Lady Of The Lake School,Private School,3520 NE 89th St,Seattle,WA,98115,KING,Seattle Public Schools,K-8,197,11,5.6%,1,10,0
3771,Juanita High,Public School,10601 NE 132ND,Kirkland,WA,98034,KING,Lake Washington School District,10-12,1039,58,5.6%,1,53,4
4480,Meredith Hill Elementary School,Public School,5830 S 300TH ST,AUBURN,WA,98001,KING,Federal Way School District,K-5,430,24,5.6%,1,23,0
8034,Evergreen School,Private School,15201 Meridian Ave N,Shoreline,WA,98133,KING,Shoreline School District,K-8,395,22,5.6%,0,22,0
4300,Challenger Elementary,Public School,25200 SE KLAHANIE BLVD,ISSAQUAH,WA,98029,KING,Issaquah School District,K-5,486,27,5.6%,2,24,1
3633,Ardmore Elementary School,Public School,16616 NE 32nd St.,Bellevue,WA,98008,KING,Bellevue School District,K-5,342,19,5.6%,8,10,1
1540,Tiger Mountain Community High School,Public School,355 SE EVANS LN,ISSAQUAH,WA,98027,KING,Issaquah School District,9-12,90,5,5.6%,0,5,0
3486,Newport Senior High School,Public School,4333 Factoria Boulevard SE,Bellevue,WA,98006,KING,Bellevue School District,9-12,1678,93,5.5%,35,55,3
2701,Bellevue High School,Public School,10416 Wolverine Way,Bellevue,WA,98004,KING,Bellevue School District,9-12,1375,76,5.5%,32,40,4
2269,Highland Park Elementary School,Public School,1012 SW TRENTON ST,SEATTLE,WA,98106,KING,Seattle Public Schools,K-5,437,24,5.5%,2,22,0
8062,St. Anne School,Private School,101 W Lee St,Seattle,WA,98119,KING,Seattle Public Schools,K-8,255,14,5.5%,4,10,0
8069,St. John School,Private School,120 N 79th St,Seattle,WA,98103,KING,Seattle Public Schools,K-8,475,26,5.5%,1,25,0
5037,Auburn Mountainview High School,Public School,28900 124th AVE SE,Auburn,WA,98092,KING,Auburn School District,9-12,1500,82,5.5%,11,63,8
4375,Cougar Ridge Elementary,Public School,4630 167TH AVE SE,BELLEVUE,WA,98006,KING,Issaquah School District,K-5,571,31,5.4%,3,28,0
3519,Adelaide Elementary School,Public School,1635 SW 304th ST,Federal Way,WA,98023,KING,Federal Way School District,K-5,443,24,5.4%,0,24,0
2992,Rose Hill Elementary,Public School,8044 128th AVE NE,Kirkland,WA,98033,KING,Lake Washington School District,K-6,425,23,5.4%,1,19,3
4422,Rainier View Elementary School,Public School,3015 S 368TH ST,FEDERAL WAY,WA,98003,KING,Federal Way School District,K-5,370,20,5.4%,4,16,0
3679,Shelton View Elementary,Public School,23400 5 AV W,Bothell,WA,98021,KING,Northshore School District,K-6,463,25,5.4%,0,25,0
2932,Dick Scobee Elementary School,Public School,1031 14TH ST NE,AUBURN,WA,98002,KING,Auburn School District,K-5,448,24,5.4%,7,13,4
3524,Cedarcrest High School,Public School,29000 NE 150th St,Duvall,WA,98019,KING,Riverview School District,9-12,862,46,5.3%,0,46,0
4453,Glacier Park Elementary,Public School,23700 SE 280th Street,Maple Valley,WA,98038,KING,Tahoma School District,K-5,545,29,5.3%,1,28,0
2372,Bryant Elementary School,Public School,3311 NE 60 ST,SEATTLE,WA,98115,KING,Seattle Public Schools,K-5,549,29,5.3%,8,21,0
3162,Island Park Elementary,Public School,5437 Island Crest Way,Mercer Island,WA,98040,KING,Mercer Island School District,K-5,550,29,5.3%,5,24,0
4347,Hazelwood Elementary School,Public School,11815 SE 304TH ST,AUBURN,WA,98092,KING,Auburn School District,K-5,588,31,5.3%,5,26,0
4489,Glenridge Elementary,Public School,19405 120th Ave SE,Renton,WA,98058,KING,Kent School District,K-6,494,26,5.3%,3,21,2
4263,Residential Consortium,Public School,2142 10 AV W,SEATTLE,WA,98119,KING,Seattle Public Schools,K-12,38,2,5.3%,0,2,0
3747,Sandburg Elementary,Public School,12801 - 84th Ave NE,Kirkland,WA,98034,KING,Lake Washington School District,K-6,495,26,5.3%,1,24,1
8082,JF Kennedy Catholic High School,Private School,140 S 140th St,Burien,WA,98168,KING,Highline School District,9-12,860,45,5.2%,0,45,0
3381,Lakota Middle School,Public School,1415 SW 314TH ST,FEDERAL WAY,WA,98023,KING,Federal Way School District,6-8,805,42,5.2%,1,37,4
4148,Evergreen Junior High,Public School,6900 208th AVE NE,Redmond,WA,98053,KING,Lake Washington School District,7-9,753,39,5.2%,7,29,3
4466,Sawyer Woods Elementary School,Public School,31135 228th Ave SE,Black Diamond,WA,98010,KING,Kent School District,K-6,485,25,5.2%,3,22,0
4018,Dickinson Elementary,Public School,7040 - 208th NE,Redmond,WA,98053,KING,Lake Washington School District,K-6,524,27,5.2%,4,22,1
4127,Mattson Middle School,Public School,16400 SE 251st ST,Covington,WA,98042,KING,Kent School District,7-8,642,33,5.1%,9,24,0
3439,Chinook Elementary School,Public School,3502 AUBURN WAY S,AUBURN,WA,98092,KING,Auburn School District,K-5,312,16,5.1%,2,14,0
2394,Cascade Middle School,Public School,1015 24TH ST NE,AUBURN,WA,98002,KING,Auburn School District,6-8,729,37,5.1%,5,29,3
4440,Cedar Heights Middle School,Public School,19640 SE 272nd Street,Kent,WA,98042,KING,Kent School District,7-8,692,35,5.1%,9,25,1
2182,Franklin High School,Public School,3013 S MT BAKER BV,SEATTLE,WA,98144,KING,Seattle Public Schools,9-12,1407,71,5.0%,4,63,4
3701,Kilo Middle School,Public School,4400 S 308TH ST,AUBURN,WA,98001,KING,Federal Way School District,6-8,639,32,5.0%,8,22,2
2234,West Seattle High School,Public School,3000 CALIFORNIA AV SW,SEATTLE,WA,98116,KING,Seattle Public Schools,9-12,990,49,4.9%,9,38,2
3492,Inglemoor Hs,Public School,15500 Simonds RD NE,Kenmore,WA,98028,KING,Northshore School District,10-12,1654,81,4.9%,6,73,2
2839,David T. Denny International School,Public School,8402 30 AV SW,SEATTLE,WA,98126,KING,Seattle Public Schools,6-8,860,42,4.9%,2,39,1
4532,Blackwell Elementary,Public School,3225 - 205th PL NE,Sammamish,WA,98074,KING,Lake Washington School District,K-6,471,23,4.9%,4,16,3
3233,Meridian Middle School,Public School,23480 120th Ave SE,Kent,WA,98031,KING,Kent School District,7-8,635,31,4.9%,10,20,1
3283,Tyee Middle School,Public School,11650 SE 60th,Bellevue,WA,98006,KING,Bellevue School District,6-8,758,37,4.9%,14,22,1
3962,Liberty Sr High School,Public School,16655 SE 136TH ST,RENTON,WA,98059,KING,Issaquah School District,9-12,1192,58,4.9%,5,51,2
2063,John Hay Elementary School,Public School,201 GARFIELD ST,SEATTLE,WA,98109,KING,Seattle Public Schools,K-5,535,26,4.9%,2,24,0
3436,Medina Elementary School,Public School,8001 NE 8TH ST.,MEDINA,WA,98039,KING,Bellevue School District,K-5,537,26,4.8%,10,14,2
8620,Cedar River Montessori School,Private School,15828 SE Jones Rd,Renton,WA,98058,KING,Tahoma School District,K-7,62,3,4.8%,0,3,0
2975,John Rogers Elementary School,Public School,4030 NE 109 ST,SEATTLE,WA,98125,KING,Seattle Public Schools,K-5,249,12,4.8%,0,11,1
2081,John Stanford International Elementary,Public School,4057 5 AV NE,SEATTLE,WA,98105,KING,Seattle Public Schools,K-5,459,22,4.8%,2,19,1
4343,Silver Lake Elementary School,Public School,1310 SW 325TH ST,FEDERAL WAY,WA,98023,KING,Federal Way School District,K-5,419,20,4.8%,1,16,3
2326,Washington Elementary School,Public School,20 E ST NE,AUBURN,WA,98002,KING,Auburn School District,K-5,440,21,4.8%,1,19,1
4355,Frank Love Elementary,Public School,303 224 ST SW,Bothell,WA,98021,KING,Northshore School District,K-6,589,28,4.8%,1,27,0
4248,Hawthorne Elementary School,Public School,4100 39 AV S,SEATTLE,WA,98118,KING,Seattle Public Schools,K-5,295,14,4.7%,1,13,0
4305,Bear Creek Elementary,Public School,18101 Avondale RD NE,Woodinville,WA,98077,KING,Northshore School District,K-6,485,23,4.7%,2,21,0
8404,Meridian School,Private School,4629 Sunnyside Ave N  Suite 242,Seattle,WA,98103,KING,Seattle Public Schools,K-5,190,9,4.7%,1,8,0
4256,Alcott Elementary,Public School,4213 - 228th AVE NE,Redmond,WA,98053,KING,Lake Washington School District,K-6,720,34,4.7%,3,31,0
2667,View Ridge Elementary School,Public School,7047 50 AV NE,SEATTLE,WA,98115,KING,Seattle Public Schools,K-5,593,28,4.7%,5,22,0
2209,Broadview-Thomson K_8 School,Public School,13052 GREENWOOD AV N,SEATTLE,WA,98133,KING,Seattle Public Schools,K-8,657,31,4.7%,3,27,1
2597,Kennydale Elementary School,Public School,1700 NE 28TH ST,RENTON,WA,98056,KING,Renton School District,K-5,552,26,4.7%,5,20,1
2201,McGilvra Elementary School,Public School,1617 38 AV E,SEATTLE,WA,98112,KING,Seattle Public Schools,K-5,299,14,4.7%,1,13,0
3738,Lake Dolloff Elementary School,Public School,4200 S 308TH ST,AUBURN,WA,98001,KING,Federal Way School District,K-5,407,19,4.7%,2,15,2
3550,Lake Youngs Elementary School,Public School,19660 142nd Ave SE,Kent,WA,98042,KING,Kent School District,K-6,454,21,4.6%,5,14,2
3096,Chief Sealth High School,Public School,2600 SW Thistle,SEATTLE,WA,98126,KING,Seattle Public Schools,9-12,1235,57,4.6%,5,50,2
2070,Beacon Hill International School,Public School,2025 14 AV S,SEATTLE,WA,98144,KING,Seattle Public Schools,K-5,455,21,4.6%,1,19,1
4017,Canyon Creek Elementary,Public School,21400 35 AV SE,Bothell,WA,98021,KING,Northshore School District,K-6,634,29,4.6%,9,20,0
3755,Lynnwood High School,Public School,18218 NORTH RD,SNOHOMISH,WA,98012,KING,Edmonds School District,9-12,1668,76,4.6%,7,67,2
3528,Redmond High,Public School,17272 NE 104th,Redmond,WA,98052,KING,Lake Washington School District,10-12,1515,69,4.6%,4,65,0
8037,The Bush School,Private School,3400 E Harrison,Seattle,WA,98112,KING,Seattle Public Schools,K-12,572,26,4.5%,2,21,3
2069,Madrona K-8 School,Public School,1121 33 AV,SEATTLE,WA,98122,KING,Seattle Public Schools,K-8,313,14,4.5%,0,12,2
3586,Maplewood Heights Elementary School,Public School,13430 144TH AVE SE,RENTON,WA,98059,KING,Renton School District,K-5,607,27,4.4%,9,17,1
3740,Talbot Hill Elementary School,Public School,2300 TALBOT RD S,RENTON,WA,98055,KING,Renton School District,K-5,450,20,4.4%,1,19,0
4470,Enterprise Elementary School,Public School,35101 5TH AVE SW,FEDERAL WAY,WA,98023,KING,Federal Way School District,K-5,499,22,4.4%,0,22,0
3232,Redmond Junior High School,Public School,10055 166th AVE NE,Redmond,WA,98052,KING,Lake Washington School District,7-9,898,39,4.3%,1,38,0
4420,Sunrise Elementary School,Public School,22300 132nd Ave SE,Kent,WA,98042,KING,Kent School District,K-6,554,24,4.3%,3,19,2
2981,Lakeridge Elementary School,Public School,8215 SE 78th,Mercer Island,WA,98040,KING,Mercer Island School District,K-5,579,25,4.3%,4,21,0
8887,The Bear Creek School,Private School,8905 208th Ave NE,Redmond,WA,98053,KING,Lake Washington School District,K-12,695,30,4.3%,5,24,1
2306,Garfield High School,Public School,400 23 Ave,SEATTLE,WA,98122,KING,Seattle Public Schools,9-12,1719,74,4.3%,5,67,2
3432,Olympic View Elementary School,Public School,2626 SW 327TH ST,FEDERAL WAY,WA,98023,KING,Federal Way School District,K-5,380,16,4.2%,2,14,0
4592,Newcastle Elementary School,Public School,8440 136th Ave SE,Newcastle,WA,98059,KING,Issaquah School District,K-5,523,22,4.2%,3,19,0
2143,John Muir Elementary School,Public School,3301 S HORTON ST,SEATTLE,WA,98144,KING,Seattle Public Schools,K-5,405,17,4.2%,1,15,1
5203,Mc Donald Elementary,Public School,4400 Interlake AV N,Seattle,WA,98103,KING,Seattle Public Schools,K-5,191,8,4.2%,1,7,0
3493,Canyon Park Jr High,Public School,23723 23 AV SE,Bothell,WA,98021,KING,Northshore School District,7-9,767,32,4.2%,6,26,0
3898,Illahee Middle School,Public School,36001 1st AVE S,FEDERAL WAY,WA,98003,KING,Federal Way School District,5-8,815,34,4.2%,8,26,0
4354,Mcauliffe Elementary,Public School,23823 NE 22nd,Sammamish,WA,98074,KING,Lake Washington School District,K-6,532,22,4.1%,3,19,0
3105,Crystal Springs Elementary,Public School,21615 9 AV SE,Bothell,WA,98021,KING,Northshore School District,K-6,629,26,4.1%,3,21,2
2795,Auburn Senior High School,Public School,800 4TH ST NE,AUBURN,WA,98002,KING,Auburn School District,9-12,1579,65,4.1%,9,53,3
4385,Rainier Middle School,Public School,30620 116TH AVE SE,AUBURN,WA,98092,KING,Auburn School District,6-8,827,34,4.1%,5,29,0
3636,Maywood Middle School,Public School,14490 168TH AVE SE,RENTON,WA,98059,KING,Issaquah School District,6-8,905,37,4.1%,4,33,0
3036,Eastgate Elementary School,Public School,4255 153rd Avenue SE,Bellevue,WA,98006,KING,Bellevue School District,K-5,442,18,4.1%,3,15,0
5056,Grand Ridge Elementary,Public School,1739 NE Park Dr,Issaquah,WA,98029,KING,Issaquah School District,K-5,791,32,4.0%,5,27,0
3219,Islander Middle School,Public School,8225 SE 72ND,Mercer Island,WA,98040,KING,Mercer Island School District,6-8,1017,41,4.0%,8,32,1
3478,Kimball Elementary School,Public School,3200 23 AV S,SEATTLE,WA,98144,KING,Seattle Public Schools,K-5,474,19,4.0%,1,18,0
4371,Skyview Jr High,Public School,21404 35 AV SE,Bothell,WA,98021,KING,Northshore School District,7-9,877,35,4.0%,4,31,0
3389,Scenic Hill Elementary School,Public School,26025 Woodland Way S,Kent,WA,98030,KING,Kent School District,K-6,604,24,4.0%,10,14,0
2849,Tahoma Senior High School,Public School,P O Box 710,Maple Valley,WA,98038,KING,Tahoma School District,10-12,1744,69,4.0%,6,57,6
3029,Mercer Island High School,Public School,9100 SE 42nd,Mercer Island,WA,98040,KING,Mercer Island School District,9-12,1467,58,4.0%,5,53,0
4455,Kokanee Elementary,Public School,23710 57 AV SE,Woodinville,WA,98072,KING,Northshore School District,K-6,586,23,3.9%,1,22,0
4415,Rock Creek Elementary,Public School,25700 Maple Valley Hwy SE,Maple Valley,WA,98038,KING,Tahoma School District,K-5,918,36,3.9%,3,32,1
3879,Pine Lake Middle School,Public School,3200 228TH AVE SE,SAMMAMISH,WA,98075,KING,Issaquah School District,6-8,791,31,3.9%,1,28,2
3337,Cascade Elementary School,Public School,16022 116TH AVE SE,RENTON,WA,98058,KING,Renton School District,K-5,538,21,3.9%,1,20,0
3388,Covington Elementary School,Public School,17070 SE Wax Road,Covington,WA,98042,KING,Kent School District,K-6,463,18,3.9%,3,15,0
8830,Open Window School,Private School,6128 168th Place SE,Bellevue,WA,98006,KING,Bellevue School District,K-8,310,12,3.9%,0,12,0
3708,Grass Lake Elementary School,Public School,28700 191st Place SE,Kent,WA,98042,KING,Kent School District,K-6,414,16,3.9%,2,13,1
8838,University Child Development School,Private School,5062 9th Ave NE,Seattle,WA,98105,KING,Seattle Public Schools,K-5,260,10,3.8%,2,8,0
3525,Lea Hill Elementary School,Public School,30908 124TH AVE SE,AUBURN,WA,98092,KING,Auburn School District,K-5,338,13,3.8%,4,8,1
4413,George T. Daniel Elementary School,Public School,11310 SE 248th ST,Kent,WA,98030,KING,Kent School District,K-6,468,18,3.8%,11,6,1
8110,New Horizon School,Private School,1111 S Carr Rd,Renton,WA,98055,KING,Renton School District,5-12,52,2,3.8%,0,2,0
2475,Renton Senior High School,Public School,400 S 2ND ST,RENTON,WA,98055,KING,Renton School District,9-12,1304,50,3.8%,6,43,1
3027,Northgate Elementary School,Public School,11725 1 AV NE,SEATTLE,WA,98125,KING,Seattle Public Schools,K-5,235,9,3.8%,1,8,0
5163,Career Academy at Truman High School,Public School,31455 28th Ave S,Federal Way,WA,98003,KING,Federal Way School District,9-12,185,7,3.8%,0,5,2
2993,Kenmore Elementary,Public School,19121 71 AV NE,Kenmore,WA,98028,KING,Northshore School District,K-6,479,18,3.8%,0,18,0
8070,St. Joseph School,Private School,700 18th Ave E,Seattle,WA,98112,KING,Seattle Public Schools,K-8,613,23,3.8%,0,23,0
2089,Martin Luther King Jr. Elementary School,Public School,7740 34 AVE SW,SEATTLE,WA,98126,KING,Seattle Public Schools,K-5,347,13,3.7%,0,13,0
8560,Three Points Elementary,Private School,7800 NE 28th St,Medina,WA,98039,KING,Bellevue School District,K-6,241,9,3.7%,1,8,0
3157,Roxhill Elementary School,Public School,9430 30 AV SW,SEATTLE,WA,98126,KING,Seattle Public Schools,K-5,375,14,3.7%,3,10,1
8084,Seattle Christian School,Private School,18301 Military Rd S,Seattle,WA,98188,KING,Highline School District,K-12,538,20,3.7%,0,20,0
5200,Pacific Cascade Middle School,Public School,24635 SE Issaquah Fall City Road,Issaquah,WA,98029,KING,Issaquah School District,6-8,754,28,3.7%,5,21,2
2564,Showalter Middle School,Public School,4628 S 144TH ST,TUKWILA,WA,98168,KING,Tukwila School District,6-8,648,24,3.7%,11,12,1
2929,Lakeridge Elementary School,Public School,7400 S 115TH ST,SEATTLE,WA,98178,KING,Renton School District,K-5,487,18,3.7%,1,17,0
2645,West Seattle Elementary School,Public School,6760 34 AV SW,SEATTLE,WA,98126,KING,Seattle Public Schools,K-5,407,15,3.7%,1,14,0
4439,Eastlake High School,Public School,400 228th NE,Sammamish,WA,98074,KING,Lake Washington School District,10-12,1305,48,3.7%,5,40,3
1789,Federal Way Public Academy,Public School,34620 9TH AV S,FEDERAL WAY,WA,98003,KING,Federal Way School District,6-10,300,11,3.7%,3,8,0
3434,Nelsen Middle School,Public School,2403 JONES AVE S,RENTON,WA,98055,KING,Renton School District,6-8,1038,38,3.7%,6,29,3
3669,Gildo Rey Elementary School,Public School,1005 37TH ST SE,AUBURN,WA,98002,KING,Auburn School District,K-5,438,16,3.7%,2,12,2
2983,North Hill Elementary,Public School,440 S 186th Street,Burien,WA,98148,KING,Highline School District,K-6,553,20,3.6%,1,18,1
4386,Inglewood Junior High,Public School,24120 NE 8th ST,Sammamish,WA,98074,KING,Lake Washington School District,7-9,1081,39,3.6%,2,35,2
3741,Lindbergh Senior High School,Public School,16426 128TH AVE SE,RENTON,WA,98058,KING,Renton School District,9-12,1281,46,3.6%,1,42,3
3026,Wedgwood Elementary School,Public School,2720 NE 85 ST,SEATTLE,WA,98115,KING,Seattle Public Schools,K-5,449,16,3.6%,2,14,0
4474,Auburn Riverside High School,Public School,501 ORAVETZ RD SE,AUBURN,WA,98092,KING,Auburn School District,9-12,1666,59,3.5%,9,45,5
2321,Dunlap Elementary School,Public School,4525 S CLOVERDALE ST,SEATTLE,WA,98118,KING,Seattle Public Schools,K-5,369,13,3.5%,0,11,2
3280,Dimmitt Middle School,Public School,12320 80TH AVE S,SEATTLE,WA,98178,KING,Renton School District,6-8,970,34,3.5%,5,28,1
3227,Pioneer Elementary School,Public School,2301 M ST SE,AUBURN,WA,98002,KING,Auburn School District,K-5,460,16,3.5%,3,12,1
3433,West Mercer Elementary,Public School,4141 81st Ave SE,Mercer Island,WA,98040,KING,Mercer Island School District,K-5,692,24,3.5%,4,18,2
4565,Cascade Ridge Elementary,Public School,2020 TROSSACHS BLVD SE,SAMMAMISH,WA,98075,KING,Issaquah School District,K-5,577,20,3.5%,5,15,0
3385,Issaquah High School,Public School,700 2ND AVE SE,ISSAQUAH,WA,98027,KING,Issaquah School District,10-12,1892,65,3.4%,10,54,1
3937,Cedar River Middle School,Public School,22615 Sweeney Road SE,Maple Valley,WA,98038,KING,Tahoma School District,6-7,846,29,3.4%,2,27,0
4374,Sherwood Forest Elementary School,Public School,34600 12TH AV SW,FEDERAL WAY,WA,98023,KING,Federal Way School District,K-5,472,16,3.4%,1,11,4
3095,Mercer Middle School,Public School,1600 S COLUMBIAN WY,SEATTLE,WA,98108,KING,Seattle Public Schools,6-8,921,31,3.4%,4,25,2
1527,Sartori Education Center,Public School,315 GARDEN AVE N,RENTON,WA,98055,KING,Renton School District,9-12,208,7,3.4%,0,7,0
3440,Briarwood Elementary,Public School,17020 SE 134TH ST,RENTON,WA,98059,KING,Issaquah School District,K-5,447,15,3.4%,3,12,0
3485,Hazelwood Elementary School,Public School,6928 116TH AVE SE,NEWCASTLE,WA,98056,KING,Renton School District,K-5,449,15,3.3%,3,11,1
3488,Tukwila Elementary,Public School,5939 S 149TH ST,TUKWILA,WA,98168,KING,Tukwila School District,K-5,542,18,3.3%,6,9,3
8102,Kings Schools,Private School,19303 Fremont Ave N,Seattle,WA,98133,KING,Shoreline School District,K-12,1056,35,3.3%,3,29,3
3035,McKnight Middle School,Public School,1200 EDMONDS AVE NE,RENTON,WA,98056,KING,Renton School District,6-8,1151,38,3.3%,5,32,1
2418,Des Moines Elementary,Public School,22001 9th Ave S,Des Moines,WA,98198,KING,Highline School District,K-6,426,14,3.3%,0,14,0
2640,Highlands Elementary School,Public School,2720 NE 7TH ST,RENTON,WA,98056,KING,Renton School District,K-5,550,18,3.3%,7,10,1
8056,Villa Academy,Private School,5001 NE 50th St,Seattle,WA,98105,KING,Seattle Public Schools,K-8,340,11,3.2%,3,8,0
3745,Evergreen Heights Elementary,Public School,5602 S 316TH ST,AUBURN,WA,98001,KING,Auburn School District,K-5,437,14,3.2%,3,11,0
3106,Bothell High School,Public School,9130 NE 180 ST,Bothell,WA,98011,KING,Northshore School District,10-12,1601,51,3.2%,6,44,1
8087,St. Francis of Assisi School,Private School,15216 21st Ave SW,Burien,WA,98166,KING,Highline School District,K-8,473,15,3.2%,5,10,0
3329,Panther Lake Elementary School,Public School,34424 1ST AV S,FEDERAL WAY,WA,98003,KING,Federal Way School District,K-5,412,13,3.2%,1,10,2
2417,Federal Way High School,Public School,30611 16TH AV S,FEDERAL WAY,WA,98003,KING,Federal Way School District,9-12,1535,48,3.1%,8,37,3
2659,Terminal Park Elementary School,Public School,1101 D ST SE,AUBURN,WA,98002,KING,Auburn School District,K-5,416,13,3.1%,1,12,0
8241,Hillside Student Community School,Private School,5027 159th Pl SE,Bellevue,WA,98006,KING,Bellevue School District,5-12,32,1,3.1%,0,1,0
3286,Lake Wilderness Elementary,Public School,24216 Witte Road SE,Maple Valley,WA,98038,KING,Tahoma School District,K-5,961,30,3.1%,2,28,0
4462,Mt Baker Middle School,Public School,620 37TH ST SE,AUBURN,WA,98002,KING,Auburn School District,6-8,906,28,3.1%,2,25,1
3625,Nautilus Elementary School,Public School,1000 S 289TH ST,FEDERAL WAY,WA,98003,KING,Federal Way School District,K-8,455,14,3.1%,1,13,0
2199,Concord International School,Public School,723 S CONCORD ST,SEATTLE,WA,98108,KING,Seattle Public Schools,K-5,391,12,3.1%,0,12,0
3547,Camelot Elementary School,Public School,4041 S 298TH,AUBURN,WA,98001,KING,Federal Way School District,K-5,359,11,3.1%,1,7,3
3583,Wildwood Elementary School,Public School,2405 S 300TH ST,FEDERAL WAY,WA,98003,KING,Federal Way School District,K-5,458,14,3.1%,1,13,0
2439,Bryn Mawr Elementary School,Public School,8212 S 118TH ST,SEATTLE,WA,98178,KING,Renton School District,K-5,525,16,3.0%,2,12,2
8673,Evergreen Academy,Private School,16017 118th Pl NE,Bothell,WA,98011,KING,Northshore School District,K-6,197,6,3.0%,1,5,0
3333,Pacific Middle School,Public School,22705 24th Ave S,Des Moines,WA,98198,KING,Highline School District,7-8,695,21,3.0%,1,19,1
2120,Van Asselt Elementary School,Public School,8311 BEACON AV S,SEATTLE,WA,98108,KING,Seattle Public Schools,K-5,532,16,3.0%,0,15,1
3582,Valhalla Elementary School,Public School,27847 42ND AV S,AUBURN,WA,98001,KING,Federal Way School District,K-5,544,16,2.9%,2,14,0
8986,Newport Children's School,Private School,12930 SE Newport Way,Bellevue,WA,98006,KING,Bellevue School District,K-1,34,1,2.9%,0,1,0
3169,Olympic Middle School,Public School,1825 K ST SE,AUBURN,WA,98002,KING,Auburn School District,6-8,682,20,2.9%,1,18,1
3803,Dearborn Park Elementary School,Public School,2820 S ORCAS ST,SEATTLE,WA,98108,KING,Seattle Public Schools,K-5,307,9,2.9%,1,8,0
3678,Fairwood Elementary School,Public School,16600 148th Ave SE,Renton,WA,98058,KING,Kent School District,K-6,444,13,2.9%,4,9,0
3825,Alpac Elementary School,Public School,310 MILWAUKEE BLVD N,PACIFIC,WA,98047,KING,Auburn School District,K-5,446,13,2.9%,0,13,0
4306,Fernwood Elementary,Public School,3933 Jewell RD,Bothell,WA,98012,KING,Northshore School District,K-6,623,18,2.9%,1,16,1
3593,Pine Tree Elementary School,Public School,27825 118th Ave SE,Kent,WA,98030,KING,Kent School District,K-6,495,14,2.8%,4,10,0
5051,Lakeland Hills Elementary,Public School,1020 Evergreen Way SE,AUBURN,WA,98092,KING,Auburn School District,K-5,637,18,2.8%,0,18,0
8095,St. Thomas School,Private School,8300 NE 12th St,Medina,WA,98039,KING,Bellevue School District,K-8,285,8,2.8%,4,4,0
5201,Creekside Elementary,Public School,20777 SE 16th St.,Sammamish,WA,98075,KING,Issaquah School District,K-5,609,17,2.8%,0,15,2
3668,Sierra Heights Elementary School,Public School,9901 132ND AVE SE,RENTON,WA,98059,KING,Renton School District,K-5,612,17,2.8%,4,10,3
3635,Thorndyke Elementary,Public School,4415 S 150TH ST,TUKWILA,WA,98168,KING,Tukwila School District,K-5,401,11,2.7%,1,6,4
2848,Foster Senior High School,Public School,4242 S 144th St,Tukwila,WA,98168,KING,Tukwila School District,9-12,919,25,2.7%,9,16,0
4353,Carriage Crest Elementary School,Public School,18235 140th Ave SE,Renton,WA,98058,KING,Kent School District,K-6,442,12,2.7%,5,7,0
4460,Beaver Lake Middle School,Public School,25025 SE 32ND ST,ISSAQUAH,WA,98029,KING,Issaquah School District,6-8,853,23,2.7%,8,15,0
3386,Sunny Hills Elementary,Public School,3200 ISSAQUAH-PINE LAKE RD SE,SAMMAMISH,WA,98075,KING,Issaquah School District,K-5,562,15,2.7%,2,11,2
3159,Mirror Lake Elementary School,Public School,625 S 314TH ST,FEDERAL WAY,WA,98003,KING,Federal Way School District,K-5,414,11,2.7%,1,10,0
5016,Mill Creek Middle School,Public School,620 Central Ave N,Kent,WA,98032,KING,Kent School District,7-8,870,23,2.6%,7,16,0
3491,Park Orchard Elementary School,Public School,11010 SE 232nd ST,Kent,WA,98031,KING,Kent School District,K-6,454,12,2.6%,4,7,1
5029,Sequoyah Middle School,Public School,3425 S 360th ST,Auburn,WA,98001,KING,Federal Way School District,6-8,574,15,2.6%,0,13,2
4495,Skyline High School,Public School,1122 228TH AVE SE,SAMMAMISH,WA,98075,KING,Issaquah School District,10-12,1984,51,2.6%,7,42,2
3279,Mount Rainier High School,Public School,22450 19th Ave S,Des Moines,WA,98198,KING,Highline School District,9-12,1598,41,2.6%,0,38,3
8399,University Preparatory,Private School,8000 25th Ave NE,Seattle,WA,98115,KING,Seattle Public Schools,6-12,509,13,2.6%,1,10,2
3677,Springbrook Elementary School,Public School,20035 100th Ave SE,Kent,WA,98031,KING,Kent School District,K-6,509,13,2.6%,3,8,2
3630,Hazen Senior High School,Public School,1101 HOQUIAM AVE NE,RENTON,WA,98059,KING,Renton School District,9-12,1461,36,2.5%,4,30,2
2307,Bailey Gatzert Elementary School,Public School,1301 E YESLER WY,SEATTLE,WA,98122,KING,Seattle Public Schools,K-5,379,9,2.4%,1,7,1
8089,St. Anthony School,Private School,336 Shattuck Ave S,Renton,WA,98057,KING,Renton School District,K-8,515,12,2.3%,4,7,1
3034,Campbell Hill Elementary School,Public School,6418 S 124TH ST,SEATTLE,WA,98178,KING,Renton School District,K-5,431,10,2.3%,2,6,2
3098,Chinook Middle School,Public School,,SeaTac,WA,98188,KING,Highline School District,7-8,566,13,2.3%,2,11,0
5082,Arthur Jacobsen Elementary,Public School,29205 132nd Ave SE,Auburn,WA,98092,KING,Auburn School District,K-5,439,10,2.3%,1,8,1
4376,Discovery Elementary,Public School,2300 228TH AVE SE,ISSAQUAH,WA,98027,KING,Issaquah School District,K-5,572,13,2.3%,1,12,0
2844,Gregory Heights Elementary,Public School,16201 16th Ave SW,Burien,WA,98166,KING,Highline School District,K-6,593,13,2.2%,1,12,0
3567,Sunnycrest Elementary School,Public School,24629 42ND AV S,KENT,WA,98032,KING,Federal Way School District,K-5,467,10,2.1%,1,9,0
2353,Maple Elementary School,Public School,4925 CORSON AV S,SEATTLE,WA,98108,KING,Seattle Public Schools,K-5,476,10,2.1%,5,5,0
8662,Eastside Preparatory School,Private School,10635 NE 38th Pl,Kirkland,WA,98033,KING,Lake Washington School District,5-12,242,5,2.1%,0,5,0
4520,Kent Elementary School,Public School,24700 64th Avenue South,Kent,WA,98032,KING,Kent School District,K-6,587,12,2.0%,3,9,0
1784,Home Program,Public School,2607 Jones Avenue S,RENTON,WA,98055,KING,Renton School District,K-12,297,6,2.0%,1,5,0
2842,Shorewood Elementary,Public School,2725 SW 116th St,Burien,WA,98146,KING,Highline School District,K-6,496,10,2.0%,0,9,1
8103,St. Luke School,Private School,17533 Saint Luke Pl N,Shoreline,WA,98133,KING,Shoreline School District,K-8,298,6,2.0%,0,6,0
8106,Holy Family Parish School,Private School,7300 - 120th Ave NE,Kirkland,WA,98033,KING,Lake Washington School District,K-8,256,5,2.0%,0,5,0
2118,Emerson Elementary School,Public School,9709 60 AV S,SEATTLE,WA,98118,KING,Seattle Public Schools,K-5,326,6,1.8%,0,6,0
4417,Ilalko Elementary School,Public School,301 ORAVETZ PL SE,AUBURN,WA,98092,KING,Auburn School District,K-5,503,9,1.8%,0,9,0
3163,Cascade Middle School,Public School,11212 10th Ave Sw,Seattle,WA,98146,KING,Highline School District,7-8,560,10,1.8%,0,8,2
3766,Decatur High School,Public School,2800 SW 320TH ST,FEDERAL WAY,WA,98023,KING,Federal Way School District,9-12,1386,24,1.7%,4,13,7
8094,St. Louise School,Private School,133 156th Ave SE,Bellevue,WA,98007,KING,Bellevue School District,K-8,466,8,1.7%,1,7,0
3581,Wing Luke Elementary School,Public School,3701 S KENYON ST,SEATTLE,WA,98118,KING,Seattle Public Schools,K-5,352,6,1.7%,0,6,0
8109,Overlake School,Private School,20301 NE 108th St,Redmond,WA,98053,KING,Lake Washington School District,5-12,535,9,1.7%,0,9,0
8251,Perkins School,Private School,9005 Roosevelt Way NE,Seattle,WA,98115,KING,Seattle Public Schools,K-5,60,1,1.7%,0,1,0
3746,Apollo Elementary,Public School,15025 SE 117TH ST,RENTON,WA,98059,KING,Issaquah School District,K-5,550,9,1.6%,3,6,0
2565,Meridian Elementary School,Public School,25621 140th Ave SE,Kent,WA,98042,KING,Kent School District,K-6,582,9,1.5%,3,6,0
2702,West Auburn Senior High School,Public School,401 W MAIN ST,AUBURN,WA,98001,KING,Auburn School District,9-12,197,3,1.5%,0,3,0
2982,Bow Lake Elementary,Public School,18237 42nd Ave S,SeaTac,WA,98188,KING,Highline School District,K-6,669,10,1.5%,2,6,2
2765,Beverly Park Elem at Glendale,Public School,1201 S 104th St,Seattle,WA,98168,KING,Highline School District,K-6,477,7,1.5%,1,5,1
3328,Woodmont Elementary School,Public School,26454 16TH AV S,DES MOINES,WA,98198,KING,Federal Way School District,K-8,483,7,1.4%,2,5,0
4545,Emerald Park Elementary School,Public School,11800 SE 216th St,Kent,WA,98031,KING,Kent School District,K-6,500,7,1.4%,4,3,0
3553,Aviation High School,Public School,615 S 200th St,Des Moines,WA,98198,KING,Highline School District,9-12,430,6,1.4%,1,5,0
2927,Sylvester Middle School,Public School,16222 Sylvester Road SW,Burien,WA,98166,KING,Highline School District,7-8,578,8,1.4%,0,8,0
3335,Parkside Elementary,Public School,2104 S 247th St,Des Moines,WA,98198,KING,Highline School District,K-6,507,7,1.4%,1,6,0
8028,Assumption St. Bridget,Private School,6220 32nd Ave NE,Seattle,WA,98115,KING,Seattle Public Schools,K-8,516,7,1.4%,0,7,0
8741,Eastside Christian School,Private School,14615 SE 22nd St,Bellevue,WA,98007,KING,Bellevue School District,K-8,295,4,1.4%,0,4,0
8091,Bellevue Christian School,Private School,1601 98th Ave NE,Clyde Hill,WA,98004,KING,Bellevue School District,7-12,151,2,1.3%,0,2,0
3778,South Lake High School,Public School,8601 Rainier Ave S,SEATTLE,WA,98118,KING,Seattle Public Schools,9-12,154,2,1.3%,1,1,0
3278,Madrona Elementary,Public School,20301 32nd Avenue South,SeaTac,WA,98198,KING,Highline School District,K-6,584,7,1.2%,2,4,1
2926,Cedarhurst Elementary,Public School,611 S 132nd St,Burien,WA,98168,KING,Highline School District,K-6,637,7,1.1%,7,0,0
3627,Mark Twain Elementary School,Public School,2450 S STAR LAKE RD,FEDERAL WAY,WA,98003,KING,Federal Way School District,K-5,558,6,1.1%,0,6,0
3382,Seahurst Elementary School,Public School,14603 14th Ave SW,Burien,WA,98166,KING,Highline School District,K-6,552,5,0.9%,0,4,1
3226,Cascade View Elementary,Public School,13601 32nd Avenue S,Tukwila,WA,98168,KING,Tukwila School District,K-5,446,4,0.9%,2,2,0
2984,Midway Elementary,Public School,22447 24th Ave S,Des Moines,WA,98198,KING,Highline School District,K-6,553,3,0.5%,0,3,0
3165,Hilltop Elementary,Public School,12250 24th Ave S,Seattle,WA,98168,KING,Highline School District,K-6,590,3,0.5%,1,1,1
8875,Bellevue Christian Mack Elementary,Private School,18250 168th Pl NE,Woodinville,WA,98072,KING,Northshore School District,K-6,204,1,0.5%,0,0,1
8067,St. George School,Private School,5117 13th Ave S,Seattle,WA,98108,KING,Seattle Public Schools,K-8,223,1,0.4%,0,1,0
8042,Holy Names Academy,Private School,728 21st Ave E,Seattle,WA,98112,KING,Seattle Public Schools,9-12,684,3,0.4%,0,3,0
8052,Our Lady of Guadalupe School,Private School,3401 SW Myrtle St,Seattle,WA,98126,KING,Seattle Public Schools,K-8,238,1,0.4%,0,1,0
8113,St. Brendan School,Private School,10049 NE 195th St,Bothell,WA,98011,KING,Northshore School District,K-8,245,1,0.4%,0,1,0
2144,Mount View Elementary,Public School,11427 3rd Av S,Seattle,WA,98168,KING,Highline School District,K-6,609,2,0.3%,0,2,0
8261,Dartmoor School--Woodinville,Private School,17305 139th Ave NE,Woodinville,WA,98072,KING,Northshore School District,K-12,9,0,0.0%,0,0,0
8337,Dartmoor School--Issaquah,Private School,22500 SE 64th Pl  #130,Issaquah,WA,98027,KING,Issaquah School District,K-12,13,0,0.0%,0,0,0
8066,Dartmoor School--Seattle,Private School,9618 Roosevelt Way NE,Seattle,WA,98115,KING,Seattle Public Schools,K-12,16,0,0.0%,0,0,0
3530,Roosevelt Elementary School,Public School,P.O. Box 248,Roosevelt,WA,99356,KING,Roosevelt School District,1-6,34,0,0.0%,0,0,0
8086,St. Bernadette School,Private School,1028 SW 128th St,Seattle,WA,98146,KING,Highline School District,K-8,213,0,0.0%,0,0,0
8035,Forest Ridge School of Sacred Heart,Private School,4800 139th Ave SE,Bellevue,WA,98006,KING,Bellevue School District,5-12,393,0,0.0%,0,0,0
2639,White Center Heights Elementary,Public School,10015 6th Avenue Southwest,Seattle,WA,98146,KING,Highline School District,K-6,639,0,0.0%,0,0,0
4570,Todd Beamer High School,Public School,35999 16TH AV S,FEDERAL WAY,WA,98003,KING,Federal Way School District,9-12,1897,0,0.0%,0,0,0